"X","Y","DateTime"
"1485.7","676.3","235894540981"
"1487.8","678.8","235894548976"
"1485.8","671.7","235894557383"
"1502.7","665.5","235894565642"
"1329.9","578.0","235894582302"
"1189.7","479.4","235894599072"
"1144.7","445.6","235894607491"
"945.0","316.7","235894615921"
"947.7","315.1","235894624072"
"947.7","315.1","235894632518"
"1018.0","367.7","235894640776"
"961.9","359.5","235894648959"
"962.3","359.2","235894657329"
"1030.3","389.8","235894665619"
"1023.9","393.8","235894674167"
"1024.8","394.4","235894682668"
"1024.8","395.5","235894690853"
"1028.1","396.3","235894699232"
"1027.3","395.1","235894707399"
"1029.9","394.2","235894715785"
"1030.4","393.7","235894724208"
"1032.2","395.6","235894732447"
"1034.5","395.8","235894740685"
"976.6","388.8","235894749237"
"976.6","388.8","235894757492"
"963.3","379.2","235894765924"
"978.7","357.1","235894774212"
"978.7","357.1","235894782638"
"1025.6","387.2","235894791069"
"971.5","381.8","235894799020"
"971.5","381.8","235894807361"
"1004.7","380.7","235894815660"
"962.8","342.6","235894823976"
"870.7","308.2","235894832598"
"806.9","280.9","235894840996"
"639.7","225.1","235894849074"
"639.8","225.6","235894857504"
"631.0","221.2","235894865698"
"631.8","237.0","235894882630"
"636.9","237.5","235894890887"
"635.3","213.0","235894899083"
"635.4","213.4","235894907532"
"721.3","255.8","235894915903"
"641.8","223.5","235894924190"
"641.8","223.5","235894932610"
"647.3","225.1","235894940593"
"646.9","237.8","235894949101"
"646.9","237.7","235894957373"
"612.9","231.1","235894965789"
"564.3","219.5","235894974036"
"563.5","219.0","235894982345"
"556.9","247.6","235894998961"
"554.6","248.9","235895007415"
"630.8","258.5","235895024094"
"633.9","261.6","235895032338"
"518.8","254.0","235895048879"
"518.8","254.0","235895057539"
"669.9","280.0","235895074109"
"524.2","190.8","235895082309"
"511.6","214.1","235895090754"
"519.9","234.3","235895098927"
"519.9","234.3","235895107379"
"511.8","214.3","235895124028"
"511.9","214.0","235895132353"
"522.0","205.0","235895149005"
"522.0","205.0","235895157373"
"691.1","322.1","235895174065"
"689.7","332.8","235895182212"
"520.4","219.9","235895198967"
"520.4","219.9","235895207420"
"520.8","223.5","235895224046"
"520.8","223.5","235895232353"
"525.1","241.6","235895248881"
"525.1","241.6","235895257340"
"723.8","363.6","235895274110"
"708.4","358.8","235895282283"
"537.1","226.0","235895298959"
"537.1","226.0","235895307335"
"724.6","339.0","235895324128"
"556.5","281.4","235895332248"
"886.1","391.0","235895348901"
"940.9","386.4","235895357428"
"951.6","383.2","235895374109"
"951.5","378.2","235895382342"
"962.7","381.7","235895399081"
"953.4","378.2","235895407551"
"834.9","318.1","235895415551"
"834.6","315.3","235895424210"
"834.6","315.3","235895432320"
"826.3","311.0","235895440792"
"829.1","301.7","235895448924"
"829.1","301.7","235895457320"
"851.3","318.3","235895465628"
"853.9","318.0","235895473988"
"853.9","318.0","235895482318"
"839.6","286.3","235895490647"
"831.9","288.9","235895498997"
"831.7","289.4","235895507433"
"907.2","359.1","235895515627"
"850.4","344.9","235895524248"
"850.4","344.9","235895532255"
"848.5","349.0","235895540824"
"920.5","362.3","235895548961"
"928.9","357.8","235895557637"
"826.9","304.9","235895565631"
"919.8","359.6","235895573982"
"914.9","366.2","235895582134"
"841.6","351.7","235895590710"
"900.7","372.9","235895598784"
"844.5","371.6","235895607341"
"793.6","368.8","235895615626"
"590.5","337.7","235895624207"
"590.5","337.7","235895632436"
"583.0","334.2","235895648934"
"583.5","334.5","235895657566"
"574.5","317.7","235895673987"
"574.5","317.7","235895682134"
"584.8","340.7","235895698814"
"584.8","340.7","235895707442"
"584.1","337.1","235895715546"
"583.8","333.3","235895723955"
"583.8","333.3","235895732145"
"587.2","350.0","235895740697"
"587.5","356.5","235895748796"
"587.4","356.3","235895757509"
"587.3","353.7","235895765630"
"584.8","360.3","235895774131"
"584.8","360.3","235895782136"
"587.1","345.6","235895790867"
"591.1","345.0","235895798858"
"590.7","347.2","235895807160"
"597.3","361.7","235895815592"
"606.0","350.0","235895823997"
"606.0","350.0","235895832214"
"607.4","344.4","235895840628"
"596.7","362.6","235895848942"
"596.8","362.5","235895857509"
"599.7","377.3","235895865583"
"598.1","376.7","235895874004"
"598.1","376.7","235895882197"
"592.7","372.8","235895890614"
"587.5","368.6","235895898985"
"585.8","367.9","235895907264"
"586.5","364.2","235895915616"
"595.5","372.7","235895923984"
"595.5","372.7","235895932201"
"899.8","446.1","235895948784"
"839.9","415.8","235895957482"
"1153.5","477.0","235895965533"
"1173.9","461.4","235895974190"
"1246.1","463.7","235895982115"
"1312.9","466.4","235895990465"
"1326.9","469.2","235895998997"
"1327.0","469.2","235896007370"
"1350.3","490.4","235896015677"
"1346.4","490.7","235896024081"
"1338.9","488.0","235896032443"
"1315.9","466.2","235896040705"
"1345.1","482.1","235896048998"
"1324.8","469.6","235896057088"
"1347.6","472.0","235896065495"
"1353.2","463.3","235896073777"
"1356.7","459.2","235896082074"
"1360.6","466.9","235896090710"
"1355.5","458.3","235896098965"
"1354.9","459.6","235896107486"
"1350.9","456.5","235896115744"
"1326.1","446.5","235896123937"
"1327.2","445.9","235896132499"
"1327.0","437.8","235896140575"
"1317.6","437.2","235896148833"
"1318.5","437.1","235896157229"
"1311.2","442.1","235896165468"
"1346.5","449.6","235896173869"
"1348.4","448.5","235896182253"
"1351.2","454.2","235896190759"
"1308.5","442.6","235896199099"
"1310.2","442.8","235896207241"
"1358.7","498.8","235896215504"
"1381.9","551.3","235896224108"
"1407.0","628.9","235896232291"
"1405.0","684.7","235896248988"
"1453.7","843.2","235896257412"
"1399.6","893.5","235896273924"
"1416.5","883.3","235896282300"
"1417.4","883.9","235896290647"
"1430.4","887.0","235896299068"
"1419.5","900.1","235896307388"
"1415.3","898.4","235896315578"
"1420.9","886.3","235896323986"
"1420.9","886.3","235896332246"
"1452.6","872.6","235896340795"
"1390.6","904.8","235896348897"
"1390.4","904.8","235896357424"
"1422.7","888.3","235896373880"
"1422.7","888.3","235896382352"
"1439.2","857.3","235896398874"
"1448.5","859.9","235896407341"
"1429.6","869.8","235896423946"
"1422.0","871.1","235896432177"
"1438.4","872.6","235896440632"
"1422.2","898.5","235896448861"
"1420.1","898.6","235896457250"
"1423.8","900.0","235896465774"
"1450.9","871.3","235896474060"
"1449.1","867.3","235896482402"
"1428.3","902.1","235896499113"
"1428.3","902.1","235896507455"
"1428.0","904.2","235896515517"
"1451.9","873.8","235896523855"
"1451.7","874.4","235896532070"
"1419.2","889.1","235896540503"
"1433.5","892.1","235896548835"
"1433.5","892.1","235896557206"
"1434.6","879.1","235896573921"
"1409.2","873.6","235896582213"
"1261.3","842.9","235896598814"
"911.2","847.8","235896640689"
"667.2","895.6","235896648891"
"666.8","895.4","235896657209"
"672.6","907.6","235896665557"
"673.8","901.6","235896673728"
"673.6","901.9","235896682253"
"677.7","896.8","235896698796"
"677.8","896.8","235896707233"
"679.3","905.6","235896715516"
"684.0","906.0","235896723935"
"684.0","906.0","235896732130"
"686.1","899.6","235896740674"
"687.7","893.9","235896748776"
"687.6","893.8","235896757022"
"681.8","909.7","235896765471"
"648.4","922.9","235896773732"
"724.4","905.1","235896782118"
"607.6","931.4","235896790439"
"587.8","932.8","235896798871"
"581.2","928.4","235896807394"
"551.3","922.0","235896815795"
"560.0","919.4","235896823940"
"560.0","919.4","235896832216"
"586.3","923.2","235896840710"
"585.2","920.1","235896848974"
"585.2","920.1","235896857346"
"589.5","914.6","235896865536"
"594.5","919.3","235896873994"
"594.5","919.3","235896882391"
"581.3","927.0","235896890502"
"579.6","924.6","235896898973"
"579.6","924.6","235896907273"
"581.3","926.3","235896915648"
"589.1","926.9","235896923984"
"589.1","926.9","235896932351"
"610.0","932.1","235896940546"
"615.7","933.5","235896949006"
"615.7","933.5","235896957411"
"587.9","927.4","235896965498"
"585.2","939.1","235896974015"
"585.2","939.1","235896982450"
"593.5","943.1","235896990453"
"591.5","946.8","235897015491"
"562.6","946.2","235897023828"
"508.4","936.7","235897040538"
"491.7","924.3","235897049077"
"552.7","934.4","235897065495"
"673.1","908.6","235897082311"
"537.4","933.2","235897090365"
"548.6","938.9","235897098765"
"549.0","939.2","235897107208"
"560.3","931.8","235897115453"
"556.8","925.3","235897123828"
"557.5","925.5","235897132190"
"550.6","922.8","235897140453"
"554.5","909.3","235897157088"
"668.2","905.2","235897165613"
"542.4","930.0","235897173881"
"541.4","929.2","235897182257"
"549.9","920.2","235897190502"
"545.1","918.6","235897207192"
"543.0","917.3","235897215474"
"540.5","917.8","235897224029"
"540.5","917.8","235897232176"
"534.8","925.3","235897240438"
"546.5","941.4","235897256982"
"559.3","941.6","235897265737"
"554.9","934.6","235897273810"
"555.6","934.9","235897282212"
"569.0","935.7","235897290473"
"719.8","911.6","235897298935"
"621.2","937.5","235897307221"
"845.2","892.7","235897315525"
"974.1","880.6","235897323777"
"1070.6","875.7","235897332179"
"1320.7","860.8","235897348894"
"1398.8","862.7","235897357084"
"1448.8","858.8","235897365465"
"1445.5","857.0","235897382189"
"1442.0","855.1","235897390588"
"1476.6","849.3","235897407064"
"1411.7","854.2","235897415696"
"1461.0","849.3","235897432313"
"1485.6","865.7","235897457101"
"1482.5","869.3","235897482265"
"1473.9","855.9","235897490675"
"1478.0","845.9","235897507241"
"1467.7","856.3","235897532207"
"1468.5","866.6","235897540659"
"1468.9","864.3","235897557085"
"1476.9","853.8","235897582258"
"1479.8","858.1","235897590498"
"1473.1","858.0","235897606956"
"1468.9","856.4","235897615584"
"1479.0","861.9","235897632048"
"1487.5","858.7","235897640485"
"1482.0","854.0","235897657145"
"1467.3","861.1","235897665567"
"1389.3","882.3","235897682121"
"1181.2","862.5","235897690418"
"1020.4","881.9","235897707309"
"869.1","884.9","235897715602"
"656.6","940.8","235897723916"
"656.6","940.8","235897732209"
"627.8","942.0","235897740507"
"636.6","923.6","235897748862"
"636.6","923.6","235897757087"
"634.8","923.6","235897765455"
"622.1","939.7","235897782293"
"626.0","939.7","235897790585"
"715.1","897.7","235897798979"
"714.4","898.9","235897807151"
"716.7","900.2","235897815537"
"628.1","928.3","235897823835"
"628.1","928.3","235897832238"
"624.6","926.0","235897840577"
"624.7","926.0","235897857203"
"635.0","940.9","235897882180"
"579.2","907.9","235897890586"
"579.2","907.9","235897907327"
"573.8","917.2","235897915594"
"557.2","915.4","235897924004"
"557.2","915.4","235897932000"
"575.3","916.5","235897940607"
"668.5","896.9","235897948870"
"666.6","901.2","235897957321"
"557.3","906.1","235897965375"
"559.3","909.9","235897973690"
"558.9","910.0","235897981872"
"671.5","909.9","235897990156"
"671.5","912.5","235897998608"
"668.6","910.2","235898006883"
"557.2","933.5","235898015280"
"552.1","934.4","235898023825"
"549.1","933.8","235898031880"
"549.8","934.3","235898040562"
"551.8","926.0","235898048592"
"541.4","920.2","235898057201"
"534.0","916.9","235898065295"
"626.4","889.2","235898073873"
"627.0","888.0","235898081837"
"645.2","889.9","235898090425"
"564.7","928.1","235898098634"
"564.7","928.1","235898107023"
"547.3","919.8","235898115238"
"549.8","912.8","235898123781"
"549.8","912.8","235898131815"
"605.3","869.7","235898140429"
"351.0","813.8","235898148503"
"350.9","814.2","235898157195"
"347.3","791.1","235898165198"
"347.2","791.1","235898181813"
"341.1","783.7","235898190367"
"329.7","800.8","235898198911"
"329.7","800.8","235898207159"
"336.2","810.8","235898215330"
"301.0","796.0","235898223857"
"301.0","796.0","235898231884"
"298.9","792.5","235898240550"
"298.9","792.5","235898257270"
"467.1","796.6","235898265236"
"350.9","797.1","235898273819"
"484.3","803.4","235898290258"
"388.5","818.3","235898298572"
"389.1","818.7","235898307015"
"350.7","801.8","235898315188"
"345.4","804.1","235898323826"
"345.4","804.1","235898331917"
"378.8","814.7","235898340444"
"381.7","824.7","235898348597"
"370.2","829.5","235898365350"
"358.7","811.4","235898373657"
"358.7","811.4","235898381855"
"527.6","767.1","235898398478"
"580.9","728.1","235898407047"
"782.9","628.6","235898415203"
"914.7","568.2","235898423897"
"999.9","525.9","235898431883"
"1170.7","430.4","235898448605"
"1170.4","430.5","235898456993"
"1205.2","435.6","235898473678"
"1249.2","467.1","235898490492"
"1245.7","480.7","235898498593"
"1249.7","479.8","235898507185"
"1203.1","465.7","235898515161"
"1248.8","461.7","235898523624"
"1247.8","456.2","235898531921"
"1249.6","450.3","235898540313"
"1245.1","442.3","235898548791"
"1245.8","444.5","235898556927"
"1242.0","443.4","235898565401"
"1249.2","442.3","235898573679"
"1249.2","437.8","235898581810"
"1235.7","435.5","235898590384"
"1248.8","445.5","235898598511"
"1275.7","451.7","235898606912"
"1316.9","439.7","235898623605"
"1321.5","436.6","235898631853"
"1273.8","393.3","235898640248"
"1319.8","433.3","235898648564"
"1319.3","433.4","235898656949"
"1293.8","436.5","235898665117"
"1297.9","434.8","235898673600"
"1297.8","434.9","235898681822"
"1301.3","433.1","235898690297"
"1302.5","436.1","235898698617"
"1302.4","436.1","235898706962"
"1300.1","438.0","235898715225"
"1328.3","450.7","235898723631"
"1337.3","445.8","235898731969"
"1334.2","443.7","235898740357"
"1331.1","442.4","235898748509"
"1330.9","442.1","235898756931"
"1335.4","446.4","235898765256"
"1332.6","449.9","235898773622"
"1330.5","449.7","235898781818"
"1290.3","425.6","235898790495"
"1284.4","414.7","235898798546"
"1276.5","428.6","235898806924"
"1219.1","424.6","235898815142"
"1089.6","416.6","235898823864"
"964.1","391.2","235898831783"
"854.1","374.1","235898840506"
"756.2","360.3","235898848481"
"693.3","357.7","235898857183"
"696.9","361.9","235898873652"
"697.9","362.4","235898881755"
"569.0","314.3","235898890273"
"576.0","321.1","235898898532"
"576.0","320.9","235898907026"
"577.6","322.9","235898923604"
"577.6","322.9","235898931735"
"675.3","346.7","235898940207"
"570.4","303.5","235898948515"
"570.2","303.9","235898956854"
"568.6","330.1","235898965090"
"575.3","324.8","235898973572"
"575.3","324.8","235898981732"
"682.9","372.9","235898990072"
"684.7","373.8","235898998586"
"693.1","379.6","235899007193"
"679.6","381.8","235899015502"
"582.3","364.9","235899023586"
"582.3","364.9","235899032083"
"585.7","362.1","235899040458"
"589.6","367.8","235899048586"
"589.9","368.7","235899056985"
"598.3","373.2","235899065259"
"594.4","384.2","235899073500"
"594.4","384.2","235899081907"
"589.0","381.6","235899090286"
"595.9","365.1","235899098585"
"595.8","365.0","235899106885"
"601.9","371.6","235899115216"
"594.4","379.7","235899123527"
"594.7","379.9","235899131842"
"593.8","376.4","235899140241"
"592.4","383.5","235899148534"
"592.7","383.5","235899156893"
"587.9","378.9","235899165209"
"594.0","379.8","235899173741"
"594.0","379.8","235899181908"
"586.3","378.8","235899190180"
"578.9","376.4","235899198841"
"578.9","376.4","235899207076"
"592.8","384.4","235899215139"
"589.7","385.4","235899223834"
"589.7","385.4","235899231921"
"582.8","385.4","235899240468"
"580.8","377.4","235899248550"
"580.2","376.8","235899257046"
"581.5","371.3","235899265364"
"587.1","384.5","235899273757"
"587.1","384.5","235899281987"
"582.0","374.0","235899290181"
"579.0","372.2","235899298543"
"579.0","372.2","235899306917"
"734.9","399.1","235899323600"
"784.6","406.5","235899332008"
"1093.9","518.2","235899348666"
"1246.3","566.4","235899356985"
"1399.7","582.7","235899373409"
"1613.8","658.0","235899390280"
"1715.4","694.2","235899398523"
"1794.7","733.2","235899406862"
"1889.6","766.0","235899415227"
"2000.8","805.6","235899423586"
"2072.9","831.8","235899440371"
"2075.0","833.7","235899448680"
"2084.7","837.4","235899482093"
"2078.1","832.1","235899490385"
"2087.2","839.4","235899498768"
"2091.5","830.6","235899507091"
"2105.0","832.9","235899523624"
"2101.1","838.6","235899531827"
"2100.7","838.7","235899540237"
"2083.5","840.5","235899548599"
"2079.6","839.9","235899556884"
"2043.4","845.8","235899565287"
"2033.4","849.5","235899573509"
"2035.6","850.4","235899581903"
"2017.7","858.4","235899590168"
"1994.1","855.4","235899598533"
"2007.5","865.3","235899606811"
"1701.3","498.8","235899615178"
"1678.0","548.1","235899623492"
"1652.1","551.5","235899632075"
"1641.9","546.4","235899648570"
"1646.5","469.9","235899656856"
"1594.2","433.0","235899665123"
"1538.7","434.7","235899673478"
"1546.9","449.1","235899681884"
"1538.1","439.2","235899690053"
"1518.6","403.6","235899698572"
"1518.3","403.7","235899706854"
"1526.2","399.8","235899715149"
"1542.3","423.6","235899723414"
"1545.6","419.6","235899731976"
"1540.3","418.0","235899740280"
"1552.1","393.7","235899748538"
"1555.3","383.7","235899756807"
"1564.2","384.3","235899765117"
"1555.4","421.3","235899773442"
"1567.2","363.7","235899781824"
"1566.7","365.2","235899790152"
"1296.6","466.0","235902320254"
"1296.8","467.7","235902328361"
"1270.8","479.4","235902336997"
"1304.2","472.9","235902345139"
"1306.4","469.6","235902353465"
"1306.1","465.4","235902361899"
"1311.3","457.1","235902370122"
"1312.8","450.6","235902378543"
"1320.8","453.9","235902386924"
"1265.9","471.9","235902395175"
"1269.5","470.1","235902403557"
"1313.1","474.0","235902411815"
"1311.5","472.5","235902420301"
"1311.6","474.0","235902428560"
"1268.1","464.8","235902437033"
"1267.7","462.8","235902445206"
"1268.3","462.3","235902453684"
"1263.7","452.1","235902461738"
"1311.5","457.3","235902470141"
"1309.9","458.2","235902478473"
"1312.4","463.2","235902487001"
"1311.4","466.9","235902495258"
"1314.0","466.4","235902503603"
"1316.8","455.9","235902511792"
"1309.0","459.6","235902520441"
"1264.8","475.2","235902528566"
"1216.3","526.0","235902537119"
"1097.4","587.0","235902545286"
"968.1","638.8","235902553558"
"942.1","648.0","235902561877"
"559.3","721.4","235902570491"
"559.3","721.4","235902578545"
"566.4","768.2","235902595203"
"611.5","755.7","235902603486"
"461.2","800.8","235902611755"
"457.6","774.1","235902628400"
"493.0","782.9","235902637070"
"512.8","804.7","235902645147"
"512.8","804.7","235902653501"
"502.5","803.9","235902661748"
"475.6","792.9","235902670054"
"475.6","792.7","235902678454"
"608.1","795.3","235902686831"
"612.2","778.8","235902695167"
"617.5","781.1","235902703554"
"613.7","786.1","235902711793"
"512.7","834.5","235902728388"
"497.7","838.4","235902736917"
"491.1","830.8","235902745141"
"491.7","822.7","235902753333"
"633.7","807.6","235902761700"
"624.7","812.2","235902770155"
"608.1","809.8","235902778412"
"471.9","808.1","235902786904"
"487.9","811.2","235902795121"
"489.9","810.4","235902803478"
"473.1","804.1","235902811744"
"416.5","778.1","235902820245"
"540.3","768.4","235902828438"
"403.6","773.4","235902836833"
"398.1","784.6","235902845030"
"398.2","784.9","235902853529"
"403.4","784.3","235902861842"
"531.3","760.8","235902870372"
"527.4","757.0","235902878443"
"405.8","758.0","235902886988"
"528.7","742.3","235902895086"
"528.6","742.9","235902903508"
"407.3","712.3","235902911774"
"405.9","737.4","235902920433"
"405.9","737.4","235902928357"
"400.7","766.6","235902936842"
"411.9","769.4","235902945063"
"412.0","768.9","235902953439"
"416.3","770.2","235902961793"
"412.0","754.4","235902970146"
"412.0","754.4","235902978424"
"423.7","743.1","235902986892"
"415.9","736.9","235902995079"
"415.0","736.1","235903003386"
"413.1","740.5","235903011756"
"462.9","764.0","235903020120"
"467.2","764.2","235903028297"
"659.9","789.2","235903036780"
"691.5","792.1","235903045024"
"690.9","787.1","235903053433"
"705.7","782.2","235903061735"
"711.4","777.4","235903069994"
"711.6","777.7","235903078427"
"705.3","774.6","235903086696"
"703.5","776.6","235903095112"
"702.0","770.8","235903103410"
"711.4","768.6","235903111678"
"716.2","768.1","235903120143"
"714.9","766.8","235903128394"
"609.9","772.9","235903137079"
"702.7","738.3","235903145098"
"702.7","736.3","235903153696"
"702.1","734.7","235903161796"
"601.7","774.7","235903170417"
"601.7","774.7","235903178552"
"685.3","837.1","235903186916"
"679.5","868.6","235903195100"
"672.9","884.2","235903203644"
"668.0","873.0","235903211772"
"669.1","874.1","235903228451"
"663.4","878.1","235903236792"
"621.3","860.8","235903245271"
"620.0","863.0","235903253507"
"629.9","864.9","235903261763"
"677.0","879.9","235903270372"
"674.2","878.5","235903278458"
"690.7","869.4","235903286813"
"699.4","888.8","235903295179"
"699.2","887.6","235903303397"
"584.7","918.6","235903311716"
"673.0","885.4","235903320125"
"673.7","884.9","235903328249"
"677.0","886.4","235903336767"
"684.6","888.2","235903345085"
"691.2","888.8","235903353607"
"686.7","888.7","235903361707"
"671.3","886.7","235903370272"
"669.3","883.3","235903378301"
"569.3","906.1","235903386858"
"568.5","904.2","235903403409"
"699.5","884.1","235903411740"
"768.3","867.0","235903428401"
"577.6","911.1","235903436745"
"577.6","911.1","235903453487"
"581.5","890.3","235903461619"
"688.4","857.4","235903470102"
"678.8","851.3","235903478286"
"517.4","836.1","235903486741"
"518.0","836.2","235903503408"
"557.8","845.0","235903511627"
"679.7","820.1","235903520298"
"672.4","814.2","235903528491"
"565.1","819.8","235903536856"
"565.8","820.7","235903553513"
"557.5","821.4","235903561685"
"662.4","798.4","235903570247"
"673.2","789.4","235903578409"
"725.0","773.0","235903586779"
"879.6","759.6","235903595059"
"924.4","771.4","235903603377"
"1184.0","760.4","235903620202"
"1282.3","758.8","235903628374"
"1401.2","748.1","235903645045"
"1405.5","746.8","235903653641"
"1385.6","759.3","235903661710"
"1427.8","747.9","235903669998"
"1429.7","746.9","235903678349"
"1427.8","742.9","235903695086"
"1427.5","738.5","235903703625"
"1427.9","741.0","235903711910"
"1430.7","745.0","235903720134"
"1431.0","747.8","235903728218"
"1422.4","745.0","235903745048"
"1422.4","743.7","235903753293"
"1449.0","770.6","235903761764"
"1462.6","771.0","235903770293"
"1472.4","781.8","235903778486"
"1469.6","780.1","235903795105"
"1472.7","780.6","235903803538"
"1463.1","772.8","235903811700"
"1447.2","770.8","235903820114"
"1450.6","768.3","235903828313"
"1436.4","805.4","235903844988"
"1435.5","804.0","235903853400"
"1456.4","770.5","235903861529"
"1465.8","764.9","235903870078"
"1466.7","769.2","235903878342"
"1468.9","769.9","235903886671"
"1440.6","768.2","235903894949"
"1440.6","768.2","235903903546"
"1470.7","776.0","235903920187"
"1473.2","778.4","235903928334"
"1471.2","775.1","235903936954"
"1437.3","801.9","235903944930"
"1437.4","801.6","235903953380"
"1468.0","786.5","235903961609"
"1468.9","784.9","235903969979"
"1471.3","785.6","235903978280"
"1476.4","776.2","235903994953"
"1470.4","782.7","235904003255"
"1468.5","782.3","235904011531"
"1466.9","782.0","235904019974"
"1471.2","782.0","235904028253"
"1468.1","782.7","235904036947"
"1502.8","776.2","235904044940"
"1481.6","778.8","235904053450"
"1487.8","781.8","235904061649"
"1477.9","787.5","235904069898"
"1474.4","791.4","235904078226"
"1473.0","792.2","235904086797"
"1474.1","782.1","235904095005"
"1474.8","781.4","235904103439"
"1473.6","774.3","235904120078"
"1471.7","773.4","235904128264"
"1480.3","761.9","235904136901"
"1475.5","736.8","235904145000"
"1468.6","682.9","235904153348"
"1474.8","591.4","235904170175"
"1473.4","576.8","235904178167"
"1473.7","566.9","235904186731"
"1472.9","564.4","235904195024"
"1471.5","560.3","235904203586"
"1474.1","561.0","235904211563"
"1480.7","562.0","235904220164"
"1479.7","563.8","235904228295"
"1469.8","565.3","235904244939"
"1472.4","567.3","235904253382"
"1465.0","568.3","235904270129"
"1465.3","565.5","235904278155"
"1465.8","561.5","235904286701"
"1462.5","565.9","235904294866"
"1460.3","566.5","235904303361"
"1457.9","567.4","235904311605"
"1454.4","572.9","235904319973"
"1459.8","576.0","235904328312"
"1486.6","601.7","235904336650"
"1539.6","632.1","235904344934"
"1601.6","663.6","235904353332"
"1675.1","665.5","235904361562"
"1683.3","669.8","235904369975"
"1682.9","670.4","235904378162"
"1682.7","681.8","235904386704"
"1673.6","689.1","235904394777"
"1678.9","689.2","235904403358"
"1707.2","673.9","235904419955"
"1687.9","690.7","235904428282"
"1702.9","681.2","235904436631"
"1686.1","696.6","235904444768"
"1683.5","694.3","235904453314"
"1678.6","691.7","235904461533"
"1674.7","691.5","235904469974"
"1680.0","691.0","235904478268"
"1683.8","709.1","235904494821"
"1685.2","702.8","235904503271"
"1687.1","694.9","235904519982"
"1685.2","684.1","235904528208"
"1684.3","684.5","235904536588"
"1672.8","685.6","235904544860"
"1675.1","697.5","235904553343"
"1674.8","686.9","235904561600"
"1680.0","694.2","235904569921"
"1675.4","694.7","235904578178"
"1670.2","709.1","235904586561"
"1670.3","712.5","235904594915"
"1669.5","706.0","235904603237"
"1638.3","697.4","235904611447"
"1569.2","681.7","235904619997"
"1439.7","680.8","235904628188"
"1387.9","670.4","235904636570"
"1053.3","683.2","235904653147"
"1132.0","669.7","235904661466"
"856.9","651.6","235904669899"
"856.9","653.0","235904686486"
"830.3","659.6","235904703378"
"842.3","667.6","235904711636"
"852.9","685.2","235904720108"
"853.2","682.2","235904728093"
"850.1","681.0","235904736828"
"849.6","676.7","235904753161"
"854.0","682.6","235904761592"
"861.4","678.6","235904770116"
"863.9","680.9","235904778169"
"858.1","672.9","235904786822"
"851.4","673.3","235904794914"
"855.8","674.4","235904803346"
"851.8","690.1","235904811606"
"768.8","728.6","235904819896"
"769.3","727.4","235904828243"
"828.9","689.5","235904836568"
"823.5","684.0","235904844789"
"838.4","693.7","235904853302"
"862.8","721.0","235904861550"
"785.7","737.8","235904869936"
"785.7","737.8","235904878257"
"770.9","734.4","235904886578"
"770.5","752.4","235904894897"
"770.7","752.8","235904903325"
"773.7","754.4","235904911513"
"773.7","754.4","235904928203"
"758.2","752.3","235904936518"
"745.1","746.0","235904953233"
"784.7","731.1","235904969930"
"784.7","731.1","235904978316"
"871.6","728.6","235904986769"
"874.0","724.3","235904994739"
"878.3","723.9","235905003178"
"876.5","725.6","235905011521"
"874.6","724.5","235905019843"
"876.0","724.8","235905028209"
"889.2","719.9","235905036581"
"788.4","735.9","235905044869"
"788.5","736.1","235905053228"
"780.3","737.9","235905061613"
"777.9","742.6","235905070000"
"777.9","742.6","235905078226"
"777.9","742.5","235905103116"
"996.8","606.5","235905111487"
"1193.0","428.3","235905119739"
"1258.1","335.6","235905128064"
"1322.3","262.3","235905136424"
"1363.4","225.2","235905144741"
"1383.4","194.9","235905153020"
"1392.7","191.5","235905161350"
"1392.9","199.5","235905169824"
"1370.3","167.9","235905186608"
"1363.4","173.9","235905194851"
"1363.3","173.9","235905203244"
"1359.9","181.1","235905211509"
"1357.7","180.3","235905219823"
"1357.7","180.3","235905228178"
"1380.1","211.6","235905236592"
"1381.2","212.8","235905244893"
"1379.8","219.2","235905253173"
"1360.3","183.6","235905261435"
"1352.0","183.5","235905269786"
"1352.8","182.7","235905278087"
"1348.9","183.0","235905286570"
"1339.4","186.0","235905294841"
"1340.8","180.0","235905303172"
"1336.2","175.3","235905311584"
"1335.5","170.7","235905319848"
"1342.4","172.2","235905336548"
"1344.8","174.8","235905344805"
"1344.8","174.8","235905353185"
"1340.7","180.0","235905361535"
"1323.9","180.3","235905369845"
"1326.5","174.5","235905386532"
"1313.6","182.2","235905394819"
"1313.1","182.2","235905403169"
"1185.4","262.6","235905411500"
"1030.4","324.1","235905419820"
"953.5","359.9","235905428138"
"842.2","406.3","235905436499"
"734.0","468.7","235905444768"
"651.9","505.1","235905453172"
"591.6","541.5","235905461463"
"461.2","566.3","235905469754"
"473.8","563.0","235905486445"
"472.0","542.4","235905494808"
"476.1","536.0","235905511704"
"480.0","553.2","235905519841"
"480.0","553.2","235905528188"
"488.3","565.8","235905536479"
"491.1","568.9","235905544734"
"491.0","568.8","235905553217"
"596.7","579.8","235905561645"
"503.7","584.2","235905570019"
"497.5","580.9","235905586371"
"497.9","583.7","235905594973"
"497.9","583.7","235905603305"
"497.8","591.8","235905611677"
"592.5","579.0","235905619817"
"578.1","570.7","235905628029"
"472.1","551.1","235905636343"
"440.4","551.7","235905644646"
"501.6","549.1","235905652956"
"399.0","531.6","235905661321"
"391.9","534.8","235905669659"
"385.3","540.3","235905686725"
"387.1","537.7","235905694781"
"387.1","537.7","235905703141"
"379.8","530.2","235905719844"
"379.8","530.2","235905728227"
"390.1","550.1","235905744785"
"390.1","550.1","235905753112"
"373.5","542.6","235905769987"
"373.5","542.6","235905778293"
"384.0","541.5","235905786503"
"386.5","533.7","235905794769"
"386.0","533.4","235905803154"
"373.0","539.1","235905811300"
"348.8","532.9","235905819921"
"346.9","530.6","235905828211"
"347.2","539.0","235905844747"
"343.6","536.2","235905853103"
"330.6","535.0","235905869766"
"330.6","535.0","235905878059"
"336.8","544.4","235905894930"
"336.8","544.4","235905902959"
"350.8","542.7","235905919718"
"350.8","542.7","235905928173"
"348.4","555.1","235905944805"
"348.4","555.1","235905953085"
"371.1","548.4","235905961310"
"370.2","544.1","235905969772"
"369.4","544.1","235905978086"
"461.1","581.7","235905994771"
"396.7","558.5","235906002984"
"586.6","630.2","235906011503"
"569.4","670.7","235906019839"
"569.4","670.7","235906028331"
"576.3","678.9","235906036432"
"580.6","679.1","235906044806"
"580.7","679.1","235906053393"
"571.6","673.0","235906061504"
"566.0","662.9","235906069702"
"566.0","662.9","235906078000"
"571.1","675.0","235906086485"
"574.6","673.5","235906094693"
"574.6","673.4","235906102996"
"552.0","667.2","235906111302"
"550.0","663.9","235906119731"
"550.1","663.7","235906128044"
"564.2","657.6","235906136410"
"570.5","663.7","235906144761"
"570.5","663.7","235906153117"
"572.6","672.2","235906161522"
"576.3","666.6","235906169677"
"576.6","665.4","235906177971"
"560.1","653.4","235906186580"
"659.4","644.0","235906194635"
"679.6","645.2","235906203241"
"701.5","657.0","235906211316"
"683.7","655.4","235906219854"
"685.1","656.1","235906228220"
"685.2","655.9","235906236574"
"684.9","661.4","235906244541"
"568.8","644.9","235906261367"
"386.4","919.2","235906361363"
"478.5","618.0","235906394559"
"665.8","656.0","235906403039"
"680.3","556.9","235906411305"
"732.2","631.7","235906427871"
"740.6","607.3","235906436230"
"513.6","558.6","235906444599"
"512.9","558.4","235906452910"
"685.5","613.0","235906461330"
"773.4","627.8","235906477839"
"760.9","630.8","235906486350"
"683.6","620.7","235906494795"
"684.6","619.9","235906503223"
"685.6","619.3","235906511186"
"686.1","615.7","235906519726"
"686.0","616.4","235906528049"
"692.1","623.9","235906536381"
"691.4","629.6","235906553050"
"690.2","626.4","235906561184"
"689.8","625.5","235906578048"
"695.8","623.8","235906586327"
"693.6","622.7","235906594554"
"694.9","645.2","235906603034"
"662.1","685.3","235906611316"
"659.0","707.1","235906619781"
"653.4","765.4","235906627913"
"503.2","790.0","235906636370"
"500.1","792.7","235906644632"
"500.1","792.7","235906652953"
"537.7","824.5","235906661528"
"538.7","823.2","235906669497"
"538.9","823.3","235906677857"
"572.0","828.7","235906686353"
"575.4","833.1","235906694562"
"568.3","832.8","235906703206"
"566.8","839.3","235906711352"
"565.3","829.0","235906727876"
"554.1","793.4","235906736437"
"547.1","775.4","235906744533"
"546.1","774.9","235906753107"
"659.3","797.9","235906761189"
"560.8","823.2","235906769599"
"559.1","822.4","235906778024"
"539.6","823.6","235906786391"
"655.4","796.6","235906794545"
"654.9","797.8","235906802976"
"651.6","787.2","235906811276"
"521.2","787.7","235906828161"
"685.5","799.1","235906836572"
"681.8","808.1","235906844614"
"684.0","811.0","235906853076"
"541.9","827.4","235906861247"
"544.4","826.5","235906869730"
"544.4","826.5","235906877865"
"535.0","821.3","235906903042"
"541.5","820.1","235906911226"
"557.8","827.0","235906919758"
"557.8","827.0","235906928026"
"842.8","784.8","235906944659"
"789.9","774.5","235906953166"
"1089.6","715.5","235906961259"
"1089.9","715.5","235906969696"
"1220.2","671.8","235906977901"
"1411.3","603.1","235906994490"
"1441.6","594.6","235907002908"
"1435.4","571.5","235907019449"
"1443.5","570.0","235907027884"
"1464.4","587.1","235907044661"
"1465.6","588.0","235907053058"
"1451.6","597.9","235907069804"
"1447.4","598.9","235907077812"
"1449.9","591.5","235907086172"
"1448.9","590.9","235907094668"
"1451.1","587.4","235907103082"
"1456.2","605.3","235907111205"
"1456.3","602.2","235907119634"
"1461.8","600.5","235907127940"
"1455.5","587.2","235907144443"
"1452.0","585.7","235907153010"
"1466.3","597.3","235907169552"
"1465.4","595.6","235907177867"
"1460.4","600.2","235907186277"
"1461.6","596.3","235907194416"
"1472.7","590.6","235907202916"
"1475.2","589.6","235907211184"
"1480.2","607.9","235907219679"
"1461.5","611.2","235907227785"
"1466.0","777.4","235907236259"
"1459.0","771.5","235907244500"
"1460.7","770.4","235907252927"
"1416.9","787.4","235907269635"
"1442.7","781.2","235907277865"
"1453.6","782.5","235907294524"
"1454.7","782.3","235907302948"
"1470.8","775.6","235907319661"
"1470.7","768.3","235907327790"
"1466.8","775.8","235907344457"
"1476.6","781.0","235907353005"
"1463.1","778.3","235907369540"
"1464.6","777.2","235907377754"
"1467.4","762.6","235907394461"
"1467.4","764.0","235907402889"
"1473.9","778.5","235907419593"
"1470.9","777.5","235907427713"
"1484.5","784.7","235907436262"
"1492.4","785.4","235907444588"
"1503.9","783.1","235907453065"
"1507.0","767.3","235907461107"
"1495.8","767.8","235907469619"
"1503.5","769.7","235907477792"
"1508.2","780.0","235907486228"
"1523.4","773.8","235907494545"
"1528.3","765.1","235907502913"
"1512.8","764.5","235907511157"
"1479.6","760.9","235907519854"
"1479.6","760.9","235907527799"
"1518.3","773.2","235907544409"
"1523.5","779.0","235907552913"
"1520.3","776.5","235907561130"
"1515.0","774.2","235907569574"
"1508.4","769.0","235907577742"
"1508.4","774.1","235907586161"
"1513.8","777.9","235907594476"
"1517.5","776.8","235907602976"
"1511.4","754.8","235907611218"
"1501.5","715.5","235907619547"
"1480.9","582.4","235907627775"
"1462.1","570.7","235907636218"
"1462.4","534.6","235907644440"
"1460.3","530.8","235907652724"
"1461.3","534.0","235907661152"
"1456.1","545.4","235907669800"
"1453.1","546.9","235907677857"
"1457.2","556.6","235907686108"
"1459.8","563.5","235907694649"
"1460.1","564.5","235907703121"
"1453.3","550.1","235907719834"
"1452.6","550.6","235907727734"
"1427.5","550.7","235907744371"
"1427.5","550.6","235907752918"
"1236.2","614.6","235907769627"
"1010.7","673.5","235907786311"
"931.5","706.3","235907803136"
"875.4","741.6","235907811081"
"723.2","841.7","235907827896"
"492.3","855.3","235907844584"
"492.3","855.3","235907852857"
"529.6","867.0","235907861038"
"522.5","837.4","235907869617"
"634.2","829.0","235907877897"
"531.2","822.8","235907886175"
"539.3","841.7","235907894550"
"539.4","841.7","235907903077"
"531.5","846.4","235907911086"
"632.9","811.2","235907919504"
"637.6","817.4","235907927700"
"649.1","814.0","235907936203"
"563.5","826.4","235907944422"
"562.7","826.1","235907952821"
"538.7","815.6","235907961106"
"542.8","817.4","235907977874"
"552.1","832.4","235907986143"
"543.8","836.4","235907994445"
"534.8","835.3","235908002653"
"646.2","798.6","235908011266"
"637.9","802.5","235908027665"
"529.6","835.9","235908036169"
"675.5","814.5","235908044421"
"549.8","805.8","235908052692"
"576.1","795.9","235908061047"
"594.3","795.3","235908069496"
"594.1","794.3","235908077769"
"599.3","787.1","235908086064"
"596.5","799.1","235908094444"
"596.7","799.0","235908103103"
"600.8","811.6","235908111157"
"593.2","804.2","235908119611"
"593.2","804.2","235908128051"
"592.1","803.4","235908152988"
"606.1","799.0","235908169717"
"606.1","799.0","235908178034"
"594.6","794.1","235908186349"
"606.9","821.9","235908194409"
"606.8","821.8","235908203023"
"621.3","828.2","235908211293"
"607.0","823.4","235908219717"
"607.0","823.4","235908228014"
"605.7","822.6","235908236310"
"604.8","817.8","235908244286"
"604.8","817.8","235908252971"
"608.3","827.9","235908261073"
"728.0","807.1","235908269529"
"728.7","808.9","235908277771"
"604.5","803.6","235908286234"
"604.6","803.4","235908294403"
"720.6","800.4","235908302732"
"732.0","796.8","235908311108"
"728.4","802.5","235908327675"
"693.9","798.3","235908336125"
"520.5","808.6","235908344507"
"520.4","808.4","235908352812"
"543.0","824.2","235908361051"
"548.1","829.4","235908369463"
"548.1","829.4","235908377789"
"655.6","796.0","235908386251"
"653.0","799.0","235908394379"
"652.3","800.8","235908402787"
"553.1","836.4","235908410929"
"559.6","839.8","235908427721"
"556.9","840.9","235908436006"
"558.5","846.2","235908444396"
"558.8","846.1","235908452709"
"540.0","855.7","235908460954"
"544.1","852.2","235908469554"
"544.1","852.2","235908477603"
"551.7","840.7","235908486001"
"539.6","829.5","235908494337"
"538.6","829.0","235908502890"
"544.7","834.6","235908510975"
"545.2","847.6","235908519625"
"545.2","847.6","235908527890"
"539.2","847.4","235908536260"
"532.5","836.0","235908544315"
"532.5","836.0","235908553002"
"537.8","834.5","235908560980"
"536.8","834.2","235908577717"
"541.8","835.2","235908586177"
"680.9","812.4","235908594417"
"680.3","810.1","235908603090"
"542.3","813.9","235908611007"
"556.9","831.6","235908619468"
"556.9","831.6","235908627765"
"559.1","842.5","235908636067"
"555.3","847.9","235908644545"
"555.3","847.9","235908652961"
"676.4","820.1","235908677752"
"680.7","821.1","235908686348"
"574.6","842.9","235908694407"
"574.3","842.7","235908702681"
"551.9","818.4","235908711077"
"556.7","818.5","235908719325"
"556.6","818.5","235908727588"
"571.7","842.3","235908736116"
"555.1","849.4","235908744356"
"554.3","849.0","235908752740"
"691.4","825.4","235908761330"
"692.8","819.4","235908769545"
"690.1","819.0","235908777649"
"543.5","825.3","235908786333"
"552.6","836.7","235908802905"
"527.5","848.1","235908810900"
"557.9","865.9","235908827836"
"419.8","881.9","235908836083"
"417.8","873.9","235908844516"
"417.8","873.9","235908852840"
"393.3","873.4","235908860936"
"400.7","897.0","235908869462"
"400.6","896.8","235908877613"
"434.6","911.4","235908886027"
"432.6","900.6","235908894468"
"432.8","900.7","235908902680"
"418.5","883.0","235908911175"
"417.5","879.9","235908919444"
"417.5","879.9","235908927632"
"442.4","883.2","235908936306"
"544.9","879.3","235908944589"
"550.1","883.3","235908952775"
"416.8","889.8","235908961030"
"428.5","890.8","235908969540"
"428.5","890.8","235908977794"
"396.5","900.8","235908986269"
"396.2","900.6","235909002952"
"390.9","892.0","235909011302"
"408.6","891.6","235909019555"
"408.6","891.6","235909027756"
"465.8","897.8","235909036218"
"506.7","870.3","235909044470"
"507.0","871.0","235909052968"
"645.5","865.2","235909061016"
"647.1","866.4","235909069582"
"644.2","864.8","235909077863"
"521.7","863.7","235909085960"
"538.5","888.1","235909102908"
"532.2","903.7","235909111011"
"635.2","872.8","235909119571"
"634.7","869.8","235909127878"
"509.1","861.9","235909136031"
"519.9","866.5","235909152994"
"479.8","863.6","235909169534"
"480.3","862.0","235909177615"
"473.4","847.5","235909186242"
"474.9","846.5","235909202672"
"636.6","874.2","235909210962"
"502.7","882.0","235909227706"
"649.3","869.8","235909236180"
"532.9","887.5","235909244446"
"529.0","884.9","235909252803"
"534.3","873.3","235909261094"
"538.1","892.7","235909269417"
"538.3","892.6","235909277528"
"527.7","904.0","235909286036"
"527.9","904.0","235909302688"
"622.9","875.9","235909311031"
"482.9","851.4","235909319586"
"482.9","851.4","235909327738"
"520.3","867.7","235909336222"
"520.8","868.4","235909352773"
"518.7","865.9","235909361024"
"529.3","876.5","235909369443"
"529.3","876.5","235909377647"
"545.5","865.4","235909386195"
"543.9","866.1","235909402702"
"643.0","833.5","235909411172"
"516.9","799.4","235909419361"
"516.9","799.4","235909427665"
"521.0","799.8","235909436185"
"526.8","818.5","235909444272"
"526.3","818.0","235909452658"
"539.6","822.8","235909460828"
"552.3","819.3","235909469147"
"551.9","819.1","235909477438"
"524.3","784.2","235909494143"
"526.1","782.7","235909502439"
"532.3","792.4","235909510770"
"531.7","793.7","235909527479"
"682.8","806.6","235909535806"
"582.7","838.6","235909544243"
"582.8","838.6","235909552437"
"531.4","816.1","235909560795"
"664.2","812.5","235909569126"
"665.9","814.3","235909577460"
"543.1","827.2","235909585761"
"666.2","820.5","235909602482"
"577.4","843.7","235909610760"
"560.7","836.2","235909619140"
"560.7","836.2","235909627604"
"709.3","816.8","235909652580"
"681.0","797.7","235909660822"
"805.1","796.8","235909677569"
"575.7","838.0","235909685847"
"575.7","838.0","235909702520"
"575.6","814.9","235909710796"
"575.6","814.9","235909727576"
"535.2","818.1","235909736016"
"535.2","818.1","235909752426"
"580.6","845.1","235909760787"
"580.6","845.1","235909777571"
"620.1","838.7","235909785769"
"620.1","838.7","235909802470"
"526.9","814.8","235909810791"
"526.9","814.8","235909827398"
"836.4","810.3","235909835732"
"626.9","864.3","235909852413"
"1026.5","715.0","235909869147"
"903.2","764.0","235909877417"
"1203.8","664.0","235909885762"
"1317.2","633.6","235909894063"
"1394.8","608.4","235909902395"
"1481.6","590.1","235909919117"
"1487.3","581.0","235909927389"
"1496.0","571.5","235909935718"
"1497.8","578.3","235909944082"
"1495.1","579.3","235909952782"
"1481.6","572.8","235909960905"
"1464.6","583.3","235909969264"
"1463.3","585.0","235909977585"
"1467.5","593.6","235909985730"
"1460.7","597.7","235909994436"
"1459.4","596.1","235910002441"
"1441.5","609.5","235910010871"
"1490.4","585.6","235910019162"
"1492.8","587.2","235910027507"
"1482.1","566.7","235910035946"
"1469.3","575.2","235910044287"
"1471.3","573.4","235910052635"
"1473.0","595.4","235910060780"
"1482.7","592.5","235910069303"
"1486.3","596.2","235910077475"
"1477.1","584.6","235910085891"
"1474.0","583.2","235910094080"
"1479.7","584.3","235910102580"
"1477.5","585.7","235910110743"
"1413.6","580.3","235910119287"
"1413.6","580.3","235910127406"
"974.1","830.2","235910160795"
"759.6","851.8","235910169263"
"827.2","848.6","235910177482"
"794.8","854.0","235910185882"
"792.8","854.8","235910202360"
"788.4","848.6","235910210693"
"830.9","860.7","235910227360"
"842.2","868.4","235910235694"
"793.6","862.0","235910244082"
"789.0","860.5","235910252372"
"763.0","850.1","235910260725"
"771.1","851.4","235910277374"
"699.0","864.8","235910285684"
"686.7","883.1","235910302372"
"851.8","867.1","235910310679"
"702.8","905.2","235910327363"
"936.6","916.1","235910335710"
"874.8","924.6","235910344016"
"862.4","921.0","235910352378"
"783.6","930.5","235910360720"
"780.2","941.2","235910369167"
"782.0","940.7","235910377456"
"787.9","933.0","235910385768"
"796.8","941.9","235910402485"
"773.2","945.2","235910410705"
"866.6","883.1","235910427382"
"880.3","885.7","235910435929"
"790.9","939.7","235910444161"
"790.9","939.7","235910452624"
"789.0","938.1","235910460793"
"787.4","942.8","235910469319"
"787.4","942.8","235910477362"
"869.5","897.5","235910494093"
"873.7","895.9","235910502626"
"788.0","941.6","235910527488"
"781.2","931.5","235910544389"
"781.2","931.5","235910552515"
"777.4","940.9","235910569247"
"777.4","940.9","235910577438"
"798.2","960.0","235910585817"
"803.6","954.5","235910594072"
"803.7","954.8","235910602617"
"783.4","929.0","235910610723"
"778.1","918.3","235910619236"
"778.1","918.3","235910627346"
"898.9","901.5","235910635848"
"798.7","929.5","235910644187"
"798.7","929.5","235910652507"
"785.1","935.0","235910660800"
"781.5","944.5","235910669249"
"781.5","944.5","235910677364"
"787.9","929.4","235910685668"
"791.6","914.8","235910693991"
"791.6","914.8","235910702354"
"768.5","918.7","235910710696"
"764.1","922.0","235910718984"
"766.2","921.2","235910727324"
"775.6","923.9","235910735627"
"787.2","929.7","235910743958"
"786.6","929.7","235910752304"
"803.2","945.7","235910768960"
"803.3","945.8","235910777294"
"795.1","943.4","235910785640"
"787.7","938.1","235910793959"
"787.5","937.9","235910802312"
"795.1","943.9","235910810651"
"897.2","916.6","235910819017"
"893.4","908.9","235910827322"
"689.5","926.4","235910844024"
"741.3","909.1","235910852350"
"719.9","904.1","235910869076"
"695.0","906.7","235910877303"
"516.5","919.6","235910885652"
"516.3","919.4","235910902367"
"506.9","905.4","235910910810"
"519.0","912.6","235910919061"
"519.0","912.6","235910927452"
"477.1","889.8","235910935927"
"597.2","878.9","235910952562"
"596.8","876.6","235910960774"
"461.7","880.9","235910969240"
"461.7","880.9","235910977378"
"464.6","898.1","235910985822"
"465.2","898.1","235911002408"
"503.0","898.1","235911010770"
"494.9","891.9","235911019239"
"494.9","891.9","235911027504"
"493.9","887.4","235911035804"
"498.2","883.6","235911044075"
"498.2","883.6","235911052443"
"462.5","871.7","235911060747"
"624.5","886.1","235911069151"
"616.5","882.3","235911077310"
"625.4","886.0","235911085820"
"474.1","878.1","235911093932"
"473.1","878.2","235911102446"
"498.2","877.9","235911110891"
"693.8","865.7","235911127585"
"735.8","856.6","235911152661"
"738.6","858.2","235911161014"
"746.2","862.5","235911169106"
"742.0","863.7","235911177381"
"741.3","860.4","235911202471"
"751.0","861.3","235911210665"
"747.5","858.1","235911219072"
"747.9","858.2","235911227415"
"749.6","860.7","235911252493"
"738.4","860.3","235911260756"
"641.5","916.2","235911268883"
"641.5","916.2","235911277222"
"636.8","908.0","235911285678"
"625.3","895.2","235911293884"
"625.5","895.7","235911302217"
"630.4","900.6","235911310596"
"768.6","879.7","235911318902"
"800.5","891.7","235911327224"
"876.6","902.9","235911343880"
"872.0","901.5","235911352259"
"880.1","902.0","235911377231"
"886.8","898.7","235911385542"
"794.8","918.1","235911393929"
"794.8","917.9","235911402249"
"801.5","910.7","235911410598"
"801.3","910.5","235911427207"
"872.4","908.3","235911435700"
"927.0","912.1","235911452243"
"872.8","900.2","235911469014"
"870.7","900.4","235911477332"
"877.7","903.6","235911485726"
"872.7","909.8","235911493902"
"882.1","909.9","235911502288"
"882.1","906.5","235911510710"
"873.4","904.5","235911518974"
"899.4","900.9","235911527345"
"791.9","906.5","235911535707"
"790.3","910.3","235911544075"
"790.3","910.3","235911552456"
"891.6","910.1","235911560759"
"895.3","911.1","235911569172"
"900.6","909.9","235911577455"
"797.6","921.9","235911585759"
"901.7","906.8","235911594036"
"900.7","906.7","235911602650"
"774.0","914.7","235911619273"
"774.0","914.7","235911627288"
"778.5","903.8","235911635920"
"778.5","903.8","235911652583"
"796.0","916.9","235911660723"
"804.1","931.3","235911669209"
"804.1","931.3","235911677464"
"795.7","933.7","235911685763"
"796.4","933.4","235911702284"
"797.8","931.5","235911710752"
"894.5","901.4","235911719264"
"890.2","900.1","235911727308"
"891.4","905.5","235911735960"
"894.0","906.4","235911744265"
"895.8","910.2","235911752643"
"791.3","903.7","235911760592"
"781.8","903.0","235911769019"
"781.8","903.3","235911777306"
"889.7","910.8","235911785728"
"888.7","910.3","235911802425"
"891.2","909.2","235911810663"
"793.2","947.7","235911819123"
"793.2","947.7","235911827363"
"797.6","945.7","235911835921"
"808.0","936.7","235911852375"
"788.7","923.4","235911860938"
"788.3","923.3","235911869214"
"788.3","923.3","235911877481"
"790.0","941.8","235911885789"
"795.8","943.2","235911894013"
"795.3","943.5","235911902627"
"797.4","938.3","235911927198"
"783.8","928.5","235911943817"
"784.4","928.7","235911952212"
"780.4","925.5","235911960479"
"869.2","912.6","235911977144"
"814.1","963.6","235911985520"
"815.4","963.6","235912002173"
"794.4","959.3","235912018870"
"794.4","959.3","235912027205"
"803.4","964.6","235912035507"
"810.6","986.6","235912043802"
"810.7","986.6","235912052141"
"799.0","987.6","235912060517"
"804.4","971.6","235912068813"
"804.5","971.6","235912077141"
"809.2","968.7","235912085500"
"804.1","985.3","235912093856"
"804.3","985.5","235912102123"
"804.7","986.9","235912110533"
"798.7","980.2","235912118861"
"798.8","980.1","235912127152"
"803.1","978.4","235912135587"
"820.5","977.8","235912143811"
"820.5","977.8","235912152216"
"807.1","978.3","235912160669"
"804.4","966.1","235912168875"
"804.4","966.1","235912177148"
"906.2","946.1","235912185508"
"843.3","981.6","235912193937"
"843.3","981.6","235912202336"
"823.5","975.4","235912210576"
"814.4","987.6","235912219012"
"814.4","987.6","235912227427"
"823.7","994.0","235912235710"
"827.1","984.6","235912244108"
"827.1","984.6","235912252347"
"858.7","928.1","235912260609"
"815.8","890.9","235912269024"
"738.5","852.8","235912277294"
"687.5","798.4","235912285847"
"675.3","798.4","235912302387"
"619.8","830.1","235912310799"
"601.9","801.7","235912319176"
"601.9","801.7","235912327527"
"576.4","790.1","235912335693"
"583.5","796.6","235912344194"
"583.5","796.6","235912352514"
"593.9","805.7","235912360591"
"589.7","806.5","235912368942"
"589.7","806.5","235912377438"
"609.2","819.7","235912385749"
"612.1","811.4","235912402370"
"614.8","811.9","235912410655"
"618.6","827.6","235912427100"
"632.2","830.2","235912435443"
"628.8","832.3","235912443765"
"626.7","831.9","235912452094"
"595.9","841.9","235912460519"
"582.5","862.4","235912468754"
"584.7","864.8","235912477075"
"584.7","861.0","235912485568"
"719.5","828.9","235912493795"
"629.1","847.8","235912502173"
"853.7","802.3","235912510533"
"973.9","765.1","235912518869"
"1060.4","738.9","235912527128"
"1249.3","681.5","235912535472"
"1249.3","681.4","235912543756"
"1346.9","651.0","235912552112"
"1396.7","630.1","235912568903"
"1397.2","629.3","235912577228"
"1399.7","630.1","235912585563"
"1401.5","631.3","235912593777"
"1401.6","627.6","235912602261"
"1382.3","646.9","235912610641"
"1383.0","644.6","235912619018"
"1383.0","644.6","235912627187"
"1400.5","639.6","235912635706"
"1399.7","639.9","235912644007"
"1395.7","641.3","235912652428"
"1393.1","633.9","235912660849"
"1423.9","625.0","235912668775"
"1428.7","621.8","235912677071"
"1463.8","619.7","235912685423"
"1493.9","603.9","235912693725"
"1497.1","603.1","235912710398"
"1494.1","607.4","235912718735"
"1492.3","606.7","235912727054"
"1483.2","613.7","235912735426"
"1498.6","597.9","235912743708"
"1498.9","599.1","235912752066"
"1495.7","589.5","235912760436"
"1488.3","595.5","235912768723"
"1487.8","595.4","235912777040"
"1485.3","597.4","235912785371"
"1484.0","597.4","235912793698"
"1486.6","596.2","235912802069"
"1475.2","616.7","235912810400"
"1499.7","606.3","235912818728"
"1486.9","601.3","235912835694"
"1482.7","600.8","235912843924"
"1489.4","601.6","235912852432"
"1489.7","604.9","235912860724"
"1491.5","600.4","235912868967"
"1490.0","603.5","235912877310"
"1489.3","595.4","235912885643"
"1485.7","600.2","235912893908"
"1486.7","605.6","235912902315"
"1500.4","611.5","235912910569"
"1498.5","683.7","235912919097"
"1493.7","753.7","235912927193"
"1492.3","790.8","235912935499"
"1471.0","824.0","235912943731"
"1470.7","824.0","235912952200"
"1472.7","825.4","235912960654"
"1476.9","830.9","235912968867"
"1476.9","830.9","235912977373"
"1486.2","808.7","235912985473"
"1483.6","804.4","235912993709"
"1482.9","803.2","235913002025"
"1481.0","801.2","235913010356"
"1479.4","809.4","235913018798"
"1478.7","812.6","235913027062"
"1481.3","816.1","235913035421"
"1472.3","829.7","235913043715"
"1472.5","829.7","235913052050"
"1472.4","834.1","235913068718"
"1473.0","834.2","235913077054"
"1483.6","809.2","235913085385"
"1489.4","802.8","235913093762"
"1492.4","803.6","235913102056"
"1420.0","812.8","235913126997"
"1328.2","817.3","235913135370"
"1018.4","835.7","235913152043"
"881.6","825.0","235913160402"
"794.1","833.7","235913177021"
"804.0","844.6","235913185400"
"660.4","865.1","235913193698"
"661.0","865.6","235913202095"
"644.6","872.0","235913210374"
"738.9","852.5","235913218722"
"741.6","854.9","235913227089"
"644.9","866.5","235913235315"
"644.7","867.3","235913252004"
"645.7","858.3","235913260356"
"644.8","867.2","235913268704"
"644.8","867.2","235913277022"
"638.4","879.6","235913285411"
"634.5","873.5","235913293646"
"634.9","872.2","235913302046"
"760.7","854.4","235913310311"
"730.6","852.5","235913326977"
"642.7","851.2","235913335356"
"670.4","838.1","235913343650"
"670.4","838.1","235913351963"
"667.5","838.4","235913360324"
"667.2","875.6","235913368647"
"667.2","875.6","235913377029"
"676.5","894.9","235913385298"
"666.3","886.6","235913393629"
"666.3","886.6","235913402009"
"666.9","884.6","235913410339"
"674.2","895.1","235913418755"
"674.2","895.1","235913426993"
"675.5","891.4","235913435383"
"782.9","850.8","235913443667"
"783.9","851.7","235913452003"
"776.1","855.5","235913460386"
"656.5","882.8","235913468725"
"773.2","860.3","235913476995"
"657.0","877.5","235913485615"
"651.6","879.1","235913502096"
"659.1","867.2","235913510387"
"667.3","867.8","235913518862"
"667.3","867.8","235913527093"
"823.3","881.3","235913535550"
"810.1","945.5","235913543663"
"810.1","945.5","235913552383"
"809.3","947.9","235913560383"
"806.0","951.2","235913568714"
"806.0","951.2","235913576951"
"807.0","944.8","235913585476"
"812.8","952.3","235913593841"
"812.8","952.3","235913602180"
"813.6","954.6","235913610444"
"892.2","914.1","235913618816"
"890.9","914.7","235913627049"
"820.2","929.7","235913635705"
"822.6","946.0","235913643739"
"822.5","945.9","235913652101"
"825.2","957.6","235913660557"
"825.4","958.2","235913668830"
"825.4","958.2","235913677106"
"832.1","953.3","235913685550"
"830.8","942.9","235913693724"
"830.5","942.3","235913701968"
"909.8","918.8","235913710425"
"904.2","918.6","235913718687"
"903.1","916.4","235913727028"
"806.1","953.4","235913735469"
"803.4","953.2","235913743719"
"801.8","945.0","235913752260"
"792.1","943.2","235913760389"
"795.5","946.9","235913768795"
"795.5","946.9","235913776984"
"804.0","941.5","235913785373"
"812.8","937.2","235913793781"
"812.8","937.2","235913801995"
"803.2","936.8","235913810362"
"798.0","948.2","235913818842"
"798.4","948.1","235913826977"
"823.4","949.1","235913835534"
"829.2","941.1","235913843733"
"828.9","940.7","235913852187"
"809.7","941.2","235913860288"
"791.7","947.8","235913868995"
"791.7","947.8","235913876988"
"776.4","936.2","235913885482"
"776.9","937.2","235913893692"
"777.4","937.4","235913902100"
"792.8","953.1","235913910415"
"792.8","955.6","235913918831"
"792.8","955.6","235913927072"
"778.0","944.4","235913935454"
"780.3","948.1","235913943795"
"780.3","948.1","235913952152"
"792.0","952.4","235913960356"
"796.4","949.6","235913968753"
"796.4","949.6","235913977002"
"791.3","951.0","235913985432"
"787.7","954.7","235913993722"
"787.7","954.7","235914001969"
"785.9","957.1","235914010374"
"787.5","957.0","235914027096"
"808.4","948.5","235914035733"
"800.1","946.9","235914043836"
"800.4","946.8","235914052344"
"801.9","957.1","235914060409"
"804.4","956.8","235914068910"
"804.4","956.8","235914077047"
"795.4","955.3","235914085456"
"791.6","940.1","235914093657"
"791.6","940.3","235914102066"
"792.4","944.9","235914118763"
"792.4","944.9","235914127190"
"788.4","940.8","235914135647"
"798.3","941.3","235914143649"
"798.0","941.3","235914152213"
"805.8","946.1","235914160504"
"799.2","954.7","235914168938"
"799.2","954.7","235914177094"
"784.1","952.8","235914185627"
"784.6","936.0","235914193740"
"784.2","936.2","235914201997"
"805.5","939.1","235914210219"
"802.1","957.5","235914218776"
"802.1","957.5","235914226897"
"879.9","907.3","235914235633"
"880.7","910.1","235914243564"
"881.2","908.2","235914252217"
"802.8","967.9","235914260327"
"802.7","967.8","235914277298"
"796.9","965.4","235914285541"
"804.1","955.4","235914293774"
"804.0","955.5","235914302314"
"803.7","952.9","235914310541"
"795.7","955.6","235914318745"
"795.7","955.6","235914326995"
"797.4","959.6","235914335596"
"792.9","936.7","235914343702"
"792.9","936.9","235914352240"
"790.1","933.3","235914360364"
"804.5","957.6","235914368770"
"804.5","957.6","235914377016"
"808.2","959.4","235914385633"
"791.6","944.4","235914393827"
"791.8","944.5","235914402212"
"786.9","944.1","235914410309"
"784.4","936.3","235914418861"
"784.4","936.3","235914426922"
"786.7","936.2","235914435620"
"795.6","957.4","235914443584"
"795.6","957.3","235914452290"
"793.5","955.8","235914460461"
"793.2","945.7","235914477162"
"790.0","946.9","235914485520"
"789.4","946.0","235914493684"
"789.4","946.0","235914502205"
"813.5","950.3","235914510371"
"804.8","943.8","235914518721"
"805.0","943.9","235914526991"
"785.6","942.3","235914535359"
"780.3","939.0","235914543522"
"780.3","938.9","235914551861"
"769.0","939.9","235914560263"
"773.9","957.5","235914568526"
"773.9","957.5","235914576899"
"774.0","948.9","235914585216"
"770.6","940.0","235914593580"
"770.7","940.1","235914601901"
"756.2","946.7","235914610211"
"765.5","954.1","235914618759"
"764.6","954.0","235914627049"
"781.6","950.2","235914635437"
"776.2","951.5","235914652113"
"784.1","955.4","235914660344"
"789.0","955.9","235914668580"
"789.0","955.8","235914677114"
"774.6","953.8","235914685344"
"773.7","948.3","235914693610"
"773.4","948.3","235914701885"
"787.3","947.0","235914710455"
"780.1","950.9","235914718786"
"780.1","950.9","235914729815"
"774.3","963.5","235914735483"
"773.8","952.9","235914743878"
"773.8","952.9","235914751937"
"767.6","948.5","235914760214"
"776.9","943.6","235914768557"
"776.9","943.6","235914776947"
"782.7","937.4","235914785282"
"779.1","950.5","235914793557"
"779.1","950.5","235914801935"
"776.5","946.0","235914810148"
"774.9","935.8","235914818542"
"774.7","935.9","235914826982"
"773.9","943.1","235914835240"
"772.9","947.2","235914843499"
"772.9","947.3","235914851936"
"795.9","931.3","235914860177"
"884.6","880.4","235914868568"
"836.6","837.9","235914876833"
"817.4","753.6","235914885187"
"768.6","600.7","235914901918"
"742.4","526.9","235914910193"
"685.8","480.5","235914926807"
"628.5","426.7","235914935196"
"372.7","246.1","235914943576"
"431.1","228.9","235914968606"
"405.2","204.0","235914976797"
"298.0","82.2","235914985415"
"309.7","84.1","235914993514"
"308.7","81.2","235915002032"
"308.3","81.1","235915010237"
"310.9","76.1","235915018716"
"316.3","89.0","235915026947"
"335.9","106.0","235915035384"
"342.5","121.2","235915043515"
"348.2","129.9","235915051970"
"351.7","141.2","235915068901"
"355.0","144.5","235915076848"
"440.8","216.5","235915093603"
"468.9","224.1","235915101893"
"375.7","186.2","235915118886"
"377.8","187.8","235915126813"
"372.4","180.8","235915143774"
"307.6","108.6","235915152143"
"296.3","115.8","235915168831"
"290.2","117.7","235915176792"
"285.9","118.8","235915201793"
"429.1","77.1","235915226960"
"417.4","56.5","235915251864"
"454.5","111.5","235915301927"
"477.3","148.2","235915351944"
"495.9","180.0","235915376745"
"389.3","210.7","235915393460"
"388.3","209.5","235915401849"
"393.3","210.1","235915418610"
"395.1","218.0","235915426739"
"305.7","230.0","235915443593"
"298.8","227.6","235915451937"
"272.7","192.2","235915468566"
"237.8","198.2","235915476832"
"256.5","195.7","235915493568"
"260.6","189.8","235915501952"
"263.2","190.4","235915518543"
"253.3","206.7","235915526815"
"255.9","213.7","235915543494"
"254.6","221.7","235915551924"
"254.7","224.2","235915568569"
"170.7","154.6","235915576686"
"170.4","153.6","235915593457"
"221.6","173.3","235915601893"
"209.1","177.7","235915618595"
"214.6","225.8","235915626892"
"216.3","223.0","235915643414"
"191.7","226.3","235915652134"
"1059.1","652.3","235915776764"
"1075.3","679.8","235915793446"
"1065.8","679.2","235915801897"
"1068.7","665.1","235915818517"
"1075.4","667.1","235915826803"
"1075.2","675.0","235915851836"
"1088.9","684.0","235915860102"
"1021.7","714.3","235915868493"
"1022.2","716.2","235915876960"
"1114.3","700.2","235915901912"
"1214.7","684.2","235915910152"
"1241.3","653.4","235915918806"
"1334.8","602.9","235915926781"
"1399.8","573.0","235915935310"
"1445.8","565.1","235915943495"
"1451.0","563.6","235915952120"
"1448.6","557.0","235915960225"
"1448.9","554.5","235915976794"
"1436.6","557.9","235916001677"
"1448.4","553.4","235916018506"
"1449.8","554.0","235916026885"
"1454.3","560.7","235916035144"
"1455.4","562.2","235916043455"
"1453.4","561.9","235916051854"
"1449.1","554.3","235916060087"
"1456.7","550.9","235916068510"
"1456.1","551.3","235916076915"
"1459.1","556.2","235916085086"
"1449.9","564.7","235916093447"
"1450.4","567.5","235916101829"
"1445.3","572.9","235916118278"
"1444.7","573.1","235916126861"
"1453.0","567.3","235916135108"
"1448.3","558.8","235916143416"
"1453.5","558.3","235916151776"
"1458.8","564.4","235916160119"
"1458.6","569.5","235916168442"
"1455.7","572.8","235916176671"
"1453.2","576.7","235916185104"
"1457.6","575.5","235916193432"
"1456.6","574.2","235916201787"
"1456.1","570.8","235916210082"
"1452.0","572.8","235916218500"
"1455.9","570.8","235916226622"
"1459.5","575.5","235916235120"
"1428.5","569.8","235916243397"
"1428.5","569.8","235916251698"
"1478.4","583.4","235916260146"
"1531.2","601.4","235916268341"
"1609.6","626.1","235916276865"
"1599.2","628.0","235916285065"
"1597.9","638.6","235916293442"
"1598.9","637.8","235916301769"
"1597.7","656.9","235916310009"
"1607.8","642.9","235916318406"
"1601.9","645.9","235916326662"
"1596.5","641.6","235916335078"
"1600.9","641.4","235916343361"
"1601.1","636.4","235916351648"
"1602.7","643.1","235916360737"
"1601.4","625.2","235916368262"
"1602.0","632.8","235916376633"
"1592.4","635.5","235916384951"
"1601.6","641.9","235916393326"
"1615.2","650.1","235916401604"
"1635.9","654.0","235916410089"
"1677.5","693.6","235916418360"
"1683.7","686.5","235916426620"
"1685.8","687.8","235916434915"
"1683.6","694.8","235916443323"
"1670.4","698.7","235916451580"
"1677.4","710.3","235916459905"
"1674.9","708.3","235916468239"
"1675.1","708.6","235916476796"
"1672.4","711.8","235916484898"
"1667.6","700.3","235916493341"
"1665.9","703.7","235916501812"
"1664.0","708.4","235916509998"
"1672.0","709.8","235916518233"
"1675.9","705.8","235916526590"
"1673.4","697.7","235916534917"
"1660.3","699.6","235916544103"
"1658.5","698.1","235916551557"
"1662.3","711.9","235916559945"
"1673.1","695.6","235916568223"
"1673.3","695.0","235916576579"
"1670.1","697.1","235916584887"
"1671.7","699.3","235916593408"
"1672.5","703.6","235916601548"
"1673.7","703.7","235916609892"
"1668.3","702.8","235916618215"
"1673.1","693.9","235916626547"
"1672.8","691.5","235916634884"
"1674.9","716.8","235916643246"
"1674.1","709.7","235916651612"
"1672.8","707.5","235916659927"
"1663.2","709.5","235916668225"
"1645.7","706.7","235916676606"
"1601.4","697.1","235916684919"
"1486.0","661.4","235916693300"
"1336.3","616.7","235916701582"
"1069.9","527.1","235916718246"
"870.0","504.0","235916734905"
"849.2","496.6","235916751556"
"852.6","497.6","235916759925"
"711.2","487.4","235916768232"
"711.1","487.5","235916776592"
